{"stats":{"minecraft:dropped":{"minecraft:oak_sign":1},"minecraft:custom":{"minecraft:jump":65,"minecraft:time_since_rest":4941,"minecraft:damage_taken":590,"minecraft:leave_game":2,"minecraft:play_time":5660,"minecraft:sprint_one_cm":8461,"minecraft:time_since_death":4914,"minecraft:walk_one_cm":1378,"minecraft:deaths":1,"minecraft:sneak_time":32,"minecraft:total_world_time":5660,"minecraft:drop":1,"minecraft:fall_one_cm":7164,"minecraft:fly_one_cm":29689},"minecraft:mined":{"minecraft:coarse_dirt":1,"minecraft:oak_sign":1,"minecraft:moss_block":2},"minecraft:picked_up":{"minecraft:oak_sign":1,"minecraft:coarse_dirt":1,"minecraft:moss_block":2},"minecraft:used":{"minecraft:moss_block":2,"minecraft:coarse_dirt":1}},"DataVersion":3465}