{"stats":{"minecraft:dropped":{"minecraft:oak_sign":1},"minecraft:custom":{"minecraft:time_since_rest":13218,"minecraft:sprint_one_cm":84185,"minecraft:damage_taken":1239,"minecraft:walk_one_cm":16356,"minecraft:mob_kills":1,"minecraft:drop":1,"minecraft:damage_dealt":399,"minecraft:swim_one_cm":889,"minecraft:player_kills":1,"minecraft:fly_one_cm":171898,"minecraft:open_chest":3,"minecraft:crouch_one_cm":304,"minecraft:play_time":19774,"minecraft:deaths":1,"minecraft:sneak_time":155,"minecraft:walk_under_water_one_cm":98,"minecraft:jump":610,"minecraft:walk_on_water_one_cm":1928,"minecraft:leave_game":2,"minecraft:time_since_death":19028,"minecraft:sleep_in_bed":2,"minecraft:climb_one_cm":5174,"minecraft:total_world_time":19774,"minecraft:fall_one_cm":38595},"minecraft:mined":{"minecraft:hay_block":24,"minecraft:coarse_dirt":1,"minecraft:jungle_leaves":2,"minecraft:grass_block":1,"minecraft:oak_sign":2,"minecraft:dirt":1,"minecraft:spruce_leaves":1,"minecraft:moss_block":2,"minecraft:oak_leaves":2},"minecraft:picked_up":{"minecraft:wooden_axe":1,"minecraft:coarse_dirt":1,"minecraft:crafting_table":1,"minecraft:jungle_boat":1,"minecraft:sweet_berries":64,"dedsafio_by_forzaken:alma_golem":1,"minecraft:wooden_pickaxe":1,"minecraft:spider_eye":1,"minecraft:dirt":2,"minecraft:leather_helmet":1,"minecraft:leather_boots":1,"minecraft:oak_sign":2,"minecraft:spruce_planks":55,"minecraft:hay_block":23,"minecraft:stone_pickaxe":1,"minecraft:bread":4,"minecraft:iron_nugget":5,"minecraft:moss_block":2,"minecraft:cyan_concrete":1,"minecraft:mutton":1,"minecraft:diamond_pickaxe":1},"minecraft:killed":{"minecraft:zombie":1},"minecraft:used":{"minecraft:moss_block":2,"minecraft:wooden_axe":7,"minecraft:stone_pickaxe":7,"minecraft:spruce_planks":2,"minecraft:leather_helmet":1,"minecraft:sweet_berries":15,"minecraft:coarse_dirt":1}},"DataVersion":3465}