{"stats":{"minecraft:dropped":{"minecraft:spruce_planks":35,"minecraft:oak_sign":1},"minecraft:custom":{"minecraft:time_since_rest":16139,"minecraft:sprint_one_cm":103383,"minecraft:damage_taken":1259,"minecraft:walk_one_cm":22873,"minecraft:mob_kills":2,"minecraft:drop":36,"minecraft:damage_dealt":963,"minecraft:swim_one_cm":889,"minecraft:player_kills":1,"minecraft:fly_one_cm":198076,"minecraft:open_chest":3,"minecraft:crouch_one_cm":304,"minecraft:play_time":22695,"minecraft:deaths":1,"minecraft:sneak_time":155,"minecraft:walk_under_water_one_cm":98,"minecraft:jump":706,"minecraft:walk_on_water_one_cm":1928,"minecraft:leave_game":3,"minecraft:time_since_death":21949,"minecraft:sleep_in_bed":2,"minecraft:climb_one_cm":5174,"minecraft:total_world_time":22695,"minecraft:fall_one_cm":40998},"minecraft:broken":{"minecraft:wooden_axe":1},"minecraft:mined":{"minecraft:hay_block":40,"minecraft:coarse_dirt":1,"minecraft:jungle_leaves":2,"minecraft:grass_block":1,"minecraft:oak_sign":2,"minecraft:dirt":1,"minecraft:spruce_leaves":1,"minecraft:moss_block":2,"minecraft:oak_leaves":2},"minecraft:picked_up":{"minecraft:wooden_axe":1,"minecraft:coarse_dirt":1,"minecraft:crafting_table":1,"minecraft:jungle_boat":1,"minecraft:sweet_berries":64,"dedsafio_by_forzaken:alma_golem":1,"minecraft:acacia_log":1,"minecraft:wooden_pickaxe":1,"minecraft:spider_eye":1,"minecraft:dirt":2,"minecraft:leather_helmet":1,"minecraft:leather_boots":1,"minecraft:oak_sign":2,"minecraft:wheat_seeds":2,"minecraft:spruce_planks":55,"minecraft:hay_block":39,"minecraft:stone_pickaxe":1,"minecraft:bread":4,"minecraft:iron_nugget":5,"minecraft:melon_seeds":1,"minecraft:moss_block":2,"minecraft:cyan_concrete":1,"minecraft:mutton":1,"minecraft:diamond_pickaxe":1},"minecraft:killed":{"minecraft:zombie":1,"minecraft:iron_golem":1},"minecraft:used":{"minecraft:moss_block":2,"minecraft:wooden_axe":12,"minecraft:diamond_pickaxe":2,"minecraft:stone_pickaxe":7,"minecraft:spruce_planks":2,"minecraft:leather_helmet":1,"minecraft:sweet_berries":16,"minecraft:coarse_dirt":1}},"DataVersion":3465}