{"stats":{"minecraft:dropped":{"minecraft:oak_sign":1},"minecraft:custom":{"minecraft:open_chest":3,"minecraft:time_since_rest":1218,"minecraft:sprint_one_cm":14209,"minecraft:play_time":7774,"minecraft:deaths":1,"minecraft:damage_taken":684,"minecraft:walk_one_cm":4918,"minecraft:sneak_time":155,"minecraft:mob_kills":1,"minecraft:drop":1,"minecraft:jump":96,"minecraft:damage_dealt":140,"minecraft:leave_game":2,"minecraft:time_since_death":7028,"minecraft:sleep_in_bed":2,"minecraft:total_world_time":7774,"minecraft:fall_one_cm":7771,"minecraft:fly_one_cm":49230,"minecraft:crouch_one_cm":304},"minecraft:mined":{"minecraft:coarse_dirt":1,"minecraft:oak_sign":1,"minecraft:moss_block":2},"minecraft:picked_up":{"minecraft:wooden_axe":1,"minecraft:leather_boots":1,"minecraft:jungle_boat":1,"minecraft:crafting_table":1,"minecraft:coarse_dirt":1,"dedsafio_by_forzaken:alma_golem":1,"minecraft:sweet_berries":64,"minecraft:oak_sign":1,"minecraft:wooden_pickaxe":1,"minecraft:spruce_planks":55,"minecraft:stone_pickaxe":1,"minecraft:iron_nugget":5,"minecraft:bread":4,"minecraft:moss_block":2,"minecraft:mutton":1,"minecraft:leather_helmet":1},"minecraft:killed":{"minecraft:zombie":1},"minecraft:used":{"minecraft:moss_block":2,"minecraft:sweet_berries":2,"minecraft:leather_helmet":1,"minecraft:coarse_dirt":1,"minecraft:wooden_axe":2}},"DataVersion":3465}