{"stats":{"minecraft:killed_by":{"minecraft:spider":1,"minecraft:player":1},"minecraft:custom":{"minecraft:open_chest":1,"minecraft:time_since_rest":12056,"minecraft:crouch_one_cm":7726,"minecraft:play_time":16839,"minecraft:sprint_one_cm":40721,"minecraft:walk_one_cm":24102,"minecraft:damage_taken":715,"minecraft:deaths":2,"minecraft:sneak_time":2752,"minecraft:mob_kills":1,"minecraft:jump":262,"minecraft:damage_dealt":774,"minecraft:leave_game":1,"minecraft:time_since_death":12019,"minecraft:total_world_time":16839,"minecraft:interact_with_crafting_table":1,"minecraft:fall_one_cm":19827,"minecraft:fly_one_cm":111679},"minecraft:crafted":{"minecraft:wooden_sword":1,"minecraft:acacia_planks":8,"minecraft:crafting_table":1,"minecraft:stick":4},"minecraft:picked_up":{"minecraft:orange_bed":1,"dedsafio_by_forzaken:alma_golem":1,"minecraft:wheat_seeds":2,"minecraft:torch":1,"minecraft:acacia_log":2,"minecraft:spruce_planks":35,"minecraft:white_concrete":4,"minecraft:cyan_concrete":1,"minecraft:mutton":1,"minecraft:white_wool":1,"minecraft:string":2,"minecraft:spider_eye":1,"minecraft:dirt":3},"minecraft:mined":{"minecraft:acacia_log":3,"minecraft:grass_block":3,"minecraft:glass_pane":1,"minecraft:tall_grass":6,"minecraft:wall_torch":1,"minecraft:orange_bed":1},"minecraft:killed":{"minecraft:sheep":1},"minecraft:used":{"minecraft:orange_bed":1,"minecraft:wooden_sword":37,"minecraft:dirt":3,"minecraft:crafting_table":1}},"DataVersion":3465}