{"stats":{"minecraft:killed_by":{"minecraft:creeper":1},"minecraft:dropped":{"minecraft:coarse_dirt":2},"minecraft:custom":{"minecraft:time_since_rest":19398,"minecraft:crouch_one_cm":602,"minecraft:play_time":22916,"minecraft:sprint_one_cm":58116,"minecraft:walk_one_cm":18507,"minecraft:damage_taken":425,"minecraft:deaths":1,"minecraft:sneak_time":708,"minecraft:walk_under_water_one_cm":1032,"minecraft:boat_one_cm":234092,"minecraft:drop":2,"minecraft:jump":587,"minecraft:damage_dealt":22,"minecraft:leave_game":1,"minecraft:walk_on_water_one_cm":934,"minecraft:time_since_death":19356,"minecraft:total_world_time":22916,"minecraft:climb_one_cm":28,"minecraft:swim_one_cm":859,"minecraft:interact_with_crafting_table":1,"minecraft:fall_one_cm":31293,"minecraft:fly_one_cm":255968},"minecraft:crafted":{"minecraft:crafting_table":1,"minecraft:stick":4,"minecraft:jungle_boat":1,"minecraft:jungle_planks":24},"minecraft:mined":{"minecraft:poppy":1,"minecraft:stripped_jungle_wood":3,"minecraft:jungle_log":3,"minecraft:moss_block":1,"minecraft:torch":1},"minecraft:picked_up":{"minecraft:jungle_boat":2,"minecraft:coarse_dirt":2,"minecraft:jungle_log":3,"minecraft:torch":1,"minecraft:stripped_jungle_wood":3,"dedsafio_by_forzaken:cuchara":1,"minecraft:moss_block":1},"minecraft:used":{"minecraft:jungle_boat":3,"minecraft:moss_block":1,"minecraft:crafting_table":1}},"DataVersion":3465}