{"stats":{"minecraft:killed_by":{"minecraft:creeper":1},"minecraft:dropped":{"minecraft:coarse_dirt":2},"minecraft:custom":{"minecraft:jump":220,"minecraft:time_since_rest":4478,"minecraft:damage_dealt":22,"minecraft:crouch_one_cm":32,"minecraft:deaths":1,"minecraft:sprint_one_cm":27912,"minecraft:play_time":7996,"minecraft:damage_taken":385,"minecraft:time_since_death":4436,"minecraft:walk_one_cm":9894,"minecraft:sneak_time":487,"minecraft:climb_one_cm":28,"minecraft:total_world_time":7996,"minecraft:drop":2,"minecraft:fall_one_cm":4844,"minecraft:fly_one_cm":136022},"minecraft:mined":{"minecraft:moss_block":1},"minecraft:picked_up":{"minecraft:coarse_dirt":2,"minecraft:moss_block":1},"minecraft:used":{"minecraft:moss_block":1}},"DataVersion":3465}