{"stats":{"minecraft:dropped":{"dedsafio_by_forzaken:r_evill_boss_spawn_egg":1,"dedsafio_by_forzaken:infernal_sword":1,"dedsafio_by_forzaken:espada_fantasmal":1,"dedsafio_by_forzaken:armadura_infernal_chestplate":1,"dedsafio_by_forzaken:metal_recocido":4,"dedsafio_by_forzaken:casino":1,"dedsafio_by_forzaken:totem_nutria":1,"dedsafio_by_forzaken:armadura_infernal_boots":1,"minecraft:enchanted_golden_apple":130,"dedsafio_by_forzaken:armadura_infernal_helmet":1,"dedsafio_by_forzaken:totem_revil":1,"dedsafio_by_forzaken:armadura_infernal_leggings":1},"minecraft:custom":{"minecraft:time_since_rest":24621,"minecraft:sprint_one_cm":27773,"minecraft:walk_one_cm":67339,"minecraft:mob_kills":2,"minecraft:drop":16,"minecraft:damage_dealt":385,"minecraft:talked_to_villager":43,"minecraft:fly_one_cm":55988,"minecraft:open_chest":3,"minecraft:crouch_one_cm":3485,"minecraft:play_time":49623,"minecraft:deaths":1,"minecraft:sneak_time":1594,"minecraft:jump":154,"minecraft:leave_game":2,"minecraft:time_since_death":24614,"minecraft:total_world_time":49623},"minecraft:used":{"minecraft:redstone_torch":2,"minecraft:moss_block":12,"minecraft:netherite_axe":2,"dedsafio_by_forzaken:revil_spawn_egg":1,"minecraft:lectern":1,"minecraft:ender_pearl":8,"minecraft:spruce_planks":4,"dedsafio_by_forzaken:tiki_spawn_egg":2,"dedsafio_by_forzaken:creeper_cake_spawn_egg":30,"dedsafio_by_forzaken:r_evill_boss_spawn_egg":6,"minecraft:dirt":58,"minecraft:spruce_stairs":4,"minecraft:coarse_dirt":6,"dedsafio_by_forzaken:casino":1},"minecraft:picked_up":{"minecraft:coarse_dirt":2,"dedsafio_by_forzaken:metal_recocido":2,"minecraft:dirt":16,"minecraft:arrow":2,"minecraft:moss_block":6},"minecraft:killed":{"dedsafio_by_forzaken:tiki":2}},"DataVersion":3465}