{"stats":{"minecraft:custom":{"minecraft:jump":61,"minecraft:time_since_rest":20041,"minecraft:crouch_one_cm":1069,"minecraft:damage_taken":90,"minecraft:sprint_one_cm":5990,"minecraft:play_time":26060,"minecraft:deaths":1,"minecraft:time_since_death":19996,"minecraft:walk_one_cm":22866,"minecraft:climb_one_cm":112,"minecraft:sneak_time":507,"minecraft:total_world_time":26060,"minecraft:fall_one_cm":1196,"minecraft:fly_one_cm":43627},"minecraft:picked_up":{"minecraft:glow_ink_sac":64,"minecraft:oak_sign":17},"minecraft:used":{"minecraft:moss_block":12,"minecraft:oak_sign":13,"minecraft:glow_ink_sac":4,"minecraft:obsidian":13}},"DataVersion":3465}