{"stats":{"minecraft:dropped":{"minecraft:glow_ink_sac":2,"minecraft:oak_sign":2},"minecraft:custom":{"minecraft:time_since_rest":42956,"minecraft:crouch_one_cm":2600,"minecraft:play_time":48975,"minecraft:sprint_one_cm":19414,"minecraft:walk_one_cm":58126,"minecraft:damage_taken":90,"minecraft:deaths":1,"minecraft:sneak_time":827,"minecraft:interact_with_anvil":1,"minecraft:mob_kills":5,"minecraft:drop":3,"minecraft:jump":141,"minecraft:damage_dealt":923,"minecraft:leave_game":1,"minecraft:time_since_death":42911,"minecraft:total_world_time":48975,"minecraft:climb_one_cm":112,"minecraft:fly_one_cm":85328,"minecraft:fall_one_cm":1196},"minecraft:picked_up":{"minecraft:rotten_flesh":2,"minecraft:glow_ink_sac":65,"minecraft:oak_sign":17,"minecraft:white_concrete":4,"minecraft:spruce_trapdoor":2},"minecraft:killed":{"minecraft:spider":2,"minecraft:zombie":2,"minecraft:creeper":1},"minecraft:used":{"minecraft:moss_block":30,"dedsafio_by_forzaken:infernal_sword":11,"dedsafio_by_forzaken:espada_fantasmal":3,"minecraft:oak_sign":30,"minecraft:coarse_dirt":16,"minecraft:glow_ink_sac":12,"minecraft:obsidian":13}},"DataVersion":3465}