{"stats":{"minecraft:dropped":{"dedsafio_by_forzaken:r_evill_boss_spawn_egg":1,"dedsafio_by_forzaken:infernal_sword":1,"dedsafio_by_forzaken:espada_fantasmal":1,"dedsafio_by_forzaken:armadura_infernal_chestplate":1,"dedsafio_by_forzaken:metal_recocido":4,"minecraft:diamond":64,"dedsafio_by_forzaken:casino":1,"dedsafio_by_forzaken:totem_nutria":1,"dedsafio_by_forzaken:armadura_infernal_boots":1,"minecraft:enchanted_golden_apple":130,"dedsafio_by_forzaken:armadura_infernal_helmet":1,"dedsafio_by_forzaken:totem_revil":1,"dedsafio_by_forzaken:armadura_infernal_leggings":1},"minecraft:custom":{"minecraft:time_since_rest":6516,"minecraft:sprint_one_cm":42686,"minecraft:walk_one_cm":88207,"minecraft:mob_kills":5,"minecraft:drop":17,"minecraft:inspect_hopper":1,"minecraft:damage_dealt":1645,"minecraft:talked_to_villager":43,"minecraft:fly_one_cm":122642,"minecraft:open_chest":3,"minecraft:crouch_one_cm":5185,"minecraft:play_time":61623,"minecraft:deaths":3,"minecraft:sneak_time":2563,"minecraft:jump":222,"minecraft:leave_game":2,"minecraft:time_since_death":6510,"minecraft:total_world_time":61623},"minecraft:used":{"minecraft:redstone_torch":2,"minecraft:moss_block":12,"minecraft:grass_block":11,"minecraft:netherite_axe":13,"dedsafio_by_forzaken:revil_spawn_egg":2,"minecraft:lectern":1,"minecraft:ender_pearl":8,"minecraft:spruce_planks":4,"dedsafio_by_forzaken:tiki_spawn_egg":2,"dedsafio_by_forzaken:creeper_cake_spawn_egg":30,"dedsafio_by_forzaken:r_evill_boss_spawn_egg":6,"minecraft:dirt":58,"minecraft:hopper":1,"dedsafio_by_forzaken:rana_gigante_spawn_egg":4,"minecraft:spruce_stairs":4,"dedsafio_by_forzaken:sapo_spawn_egg":3,"minecraft:white_concrete":1,"minecraft:coarse_dirt":6,"dedsafio_by_forzaken:casino":2,"dedsafio_by_forzaken:flashbang_spawn_egg":2},"minecraft:picked_up":{"minecraft:coarse_dirt":2,"dedsafio_by_forzaken:flashbang_spawn_egg":1,"dedsafio_by_forzaken:metal_recocido":2,"minecraft:dirt":16,"dedsafio_by_forzaken:sapo_spawn_egg":2,"minecraft:arrow":2,"dedsafio_by_forzaken:casino":1,"minecraft:diamond":64,"minecraft:white_concrete":1,"minecraft:netherite_axe":1,"dedsafio_by_forzaken:revil_spawn_egg":2,"minecraft:moss_block":6,"dedsafio_by_forzaken:rana_gigante_spawn_egg":1},"minecraft:killed":{"dedsafio_by_forzaken:rana_gigante":2,"dedsafio_by_forzaken:sapo":1,"dedsafio_by_forzaken:tiki":2}},"DataVersion":3465}