{"stats":{"minecraft:dropped":{"dedsafio_by_forzaken:r_evill_boss_spawn_egg":1,"dedsafio_by_forzaken:espada_fantasmal":1,"dedsafio_by_forzaken:armadura_infernal_boots":1,"dedsafio_by_forzaken:infernal_sword":1,"minecraft:enchanted_golden_apple":130,"dedsafio_by_forzaken:armadura_infernal_helmet":1,"dedsafio_by_forzaken:armadura_infernal_chestplate":1,"dedsafio_by_forzaken:totem_revil":1,"dedsafio_by_forzaken:metal_recocido":4,"dedsafio_by_forzaken:armadura_infernal_leggings":1,"dedsafio_by_forzaken:totem_nutria":1},"minecraft:custom":{"minecraft:time_since_rest":12621,"minecraft:play_time":37623,"minecraft:walk_one_cm":50295,"minecraft:crouch_one_cm":2488,"minecraft:sprint_one_cm":19790,"minecraft:deaths":1,"minecraft:sneak_time":1020,"minecraft:drop":15,"minecraft:jump":108,"minecraft:damage_dealt":185,"minecraft:leave_game":2,"minecraft:time_since_death":12614,"minecraft:total_world_time":37623,"minecraft:talked_to_villager":10,"minecraft:fly_one_cm":41464},"minecraft:used":{"dedsafio_by_forzaken:creeper_cake_spawn_egg":30,"dedsafio_by_forzaken:r_evill_boss_spawn_egg":6,"minecraft:dirt":58,"dedsafio_by_forzaken:revil_spawn_egg":1,"dedsafio_by_forzaken:tiki_spawn_egg":1,"minecraft:coarse_dirt":6,"minecraft:moss_block":12},"minecraft:picked_up":{"minecraft:coarse_dirt":2,"minecraft:arrow":2,"dedsafio_by_forzaken:metal_recocido":2,"minecraft:moss_block":6,"minecraft:dirt":16}},"DataVersion":3465}