{"stats":{"minecraft:dropped":{"minecraft:diamond":168,"dedsafio_by_forzaken:casino":1,"dedsafio_by_forzaken:totem_nutria":1,"dedsafio_by_forzaken:armadura_infernal_boots":1,"minecraft:enchanted_golden_apple":130,"dedsafio_by_forzaken:r_evill_boss_spawn_egg":1,"dedsafio_by_forzaken:infernal_sword":1,"dedsafio_by_forzaken:espada_fantasmal":1,"dedsafio_by_forzaken:armadura_infernal_chestplate":1,"dedsafio_by_forzaken:metal_recocido":4,"minecraft:hopper":1,"minecraft:potion":2,"dedsafio_by_forzaken:armadura_infernal_helmet":1,"dedsafio_by_forzaken:totem_revil":1,"dedsafio_by_forzaken:creeper_cake_spawn_egg":1,"dedsafio_by_forzaken:armadura_infernal_leggings":1},"minecraft:custom":{"minecraft:mob_kills":10,"minecraft:inspect_hopper":3,"minecraft:interact_with_crafting_table":2,"minecraft:leave_game":3,"minecraft:time_since_death":23946,"minecraft:time_since_rest":23954,"minecraft:sprint_one_cm":64697,"minecraft:walk_one_cm":149265,"minecraft:drop":31,"minecraft:damage_dealt":2714,"minecraft:talked_to_villager":43,"minecraft:fly_one_cm":158592,"minecraft:open_chest":6,"minecraft:crouch_one_cm":8588,"minecraft:play_time":172152,"minecraft:deaths":4,"minecraft:sneak_time":4258,"minecraft:jump":316,"minecraft:total_world_time":172152},"minecraft:picked_up":{"minecraft:coarse_dirt":2,"dedsafio_by_forzaken:flashbang_spawn_egg":1,"minecraft:lead":2,"dedsafio_by_forzaken:metal_recocido":2,"minecraft:potion":5,"minecraft:dirt":16,"dedsafio_by_forzaken:sapo_spawn_egg":2,"dedsafio_by_forzaken:casino":1,"minecraft:netherite_sword":1,"minecraft:netherite_axe":1,"minecraft:moss_block":6,"minecraft:milk_bucket":2,"minecraft:grass_block":1,"minecraft:arrow":2,"minecraft:diamond":136,"minecraft:white_concrete":1,"dedsafio_by_forzaken:revil_spawn_egg":2,"dedsafio_by_forzaken:rana_gigante_spawn_egg":1,"minecraft:hopper":1},"minecraft:killed":{"dedsafio_by_forzaken:tiki":2,"minecraft:wandering_trader":1,"dedsafio_by_forzaken:infernal_bull":1,"dedsafio_by_forzaken:blaze_storm":1,"dedsafio_by_forzaken:rana_gigante":2,"minecraft:trader_llama":2,"dedsafio_by_forzaken:sapo":1},"minecraft:used":{"minecraft:moss_block":13,"minecraft:trident":7,"dedsafio_by_forzaken:bone_spider_spawn_egg":1,"minecraft:netherite_sword":2,"dedsafio_by_forzaken:revil_spawn_egg":2,"minecraft:black_carpet":3,"minecraft:ender_pearl":8,"minecraft:spruce_planks":4,"minecraft:chest":2,"dedsafio_by_forzaken:creeper_cake_spawn_egg":31,"minecraft:dirt":58,"dedsafio_by_forzaken:creeper_warden_spawn_egg":2,"dedsafio_by_forzaken:gorgona_spawn_egg":1,"minecraft:hopper":9,"minecraft:crafting_table":2,"minecraft:spruce_stairs":4,"dedsafio_by_forzaken:infernal_bull_spawn_egg":1,"dedsafio_by_forzaken:esquelo_dog_spawn_egg":1,"minecraft:milk_bucket":3,"minecraft:redstone_torch":2,"minecraft:netherite_block":1,"minecraft:black_concrete":12,"minecraft:grass_block":13,"minecraft:netherite_axe":18,"minecraft:lectern":1,"dedsafio_by_forzaken:tiki_spawn_egg":2,"minecraft:item_frame":10,"dedsafio_by_forzaken:r_evill_boss_spawn_egg":6,"dedsafio_by_forzaken:blaze_storm_spawn_egg":1,"minecraft:potion":3,"minecraft:snow":4,"dedsafio_by_forzaken:rana_gigante_spawn_egg":4,"dedsafio_by_forzaken:sapo_spawn_egg":3,"minecraft:white_concrete":3,"minecraft:coarse_dirt":9,"dedsafio_by_forzaken:casino":8,"minecraft:brown_mushroom_block":9,"dedsafio_by_forzaken:flashbang_spawn_egg":2}},"DataVersion":3465}