{"stats":{"minecraft:custom":{"minecraft:time_since_rest":14656,"minecraft:play_time":14656,"minecraft:crouch_one_cm":44,"minecraft:sprint_one_cm":7999,"minecraft:walk_one_cm":18816,"minecraft:sneak_time":80,"minecraft:drop":15,"minecraft:jump":42,"minecraft:damage_dealt":185,"minecraft:time_since_death":14656,"minecraft:total_world_time":14656,"minecraft:talked_to_villager":10,"minecraft:fly_one_cm":16355},"minecraft:picked_up":{"dedsafio_by_forzaken:metal_recocido":2},"minecraft:dropped":{"dedsafio_by_forzaken:r_evill_boss_spawn_egg":1,"minecraft:enchanted_golden_apple":130,"dedsafio_by_forzaken:armadura_infernal_boots":1,"dedsafio_by_forzaken:infernal_sword":1,"dedsafio_by_forzaken:espada_fantasmal":1,"dedsafio_by_forzaken:armadura_infernal_helmet":1,"dedsafio_by_forzaken:totem_revil":1,"dedsafio_by_forzaken:armadura_infernal_chestplate":1,"dedsafio_by_forzaken:metal_recocido":4,"dedsafio_by_forzaken:armadura_infernal_leggings":1,"dedsafio_by_forzaken:totem_nutria":1},"minecraft:used":{"minecraft:moss_block":4,"dedsafio_by_forzaken:creeper_cake_spawn_egg":28,"dedsafio_by_forzaken:r_evill_boss_spawn_egg":5,"dedsafio_by_forzaken:tiki_spawn_egg":1}},"DataVersion":3465}