{"stats":{"minecraft:custom":{"minecraft:jump":26,"minecraft:time_since_rest":8041,"minecraft:crouch_one_cm":462,"minecraft:damage_taken":90,"minecraft:sprint_one_cm":5908,"minecraft:play_time":14060,"minecraft:deaths":1,"minecraft:time_since_death":7996,"minecraft:walk_one_cm":14956,"minecraft:climb_one_cm":112,"minecraft:sneak_time":264,"minecraft:total_world_time":14060,"minecraft:fall_one_cm":1196,"minecraft:fly_one_cm":20275},"minecraft:picked_up":{"minecraft:glow_ink_sac":64,"minecraft:oak_sign":17},"minecraft:used":{"minecraft:moss_block":2,"minecraft:oak_sign":5}},"DataVersion":3465}