{"stats":{"minecraft:dropped":{"minecraft:glow_ink_sac":2,"minecraft:oak_sign":2},"minecraft:custom":{"minecraft:time_since_rest":32041,"minecraft:crouch_one_cm":2497,"minecraft:play_time":38060,"minecraft:sprint_one_cm":14805,"minecraft:walk_one_cm":43619,"minecraft:damage_taken":90,"minecraft:deaths":1,"minecraft:sneak_time":773,"minecraft:mob_kills":4,"minecraft:drop":3,"minecraft:jump":108,"minecraft:damage_dealt":604,"minecraft:time_since_death":31996,"minecraft:total_world_time":38060,"minecraft:climb_one_cm":112,"minecraft:fly_one_cm":75210,"minecraft:fall_one_cm":1196},"minecraft:picked_up":{"minecraft:rotten_flesh":2,"minecraft:glow_ink_sac":65,"minecraft:oak_sign":17,"minecraft:spruce_trapdoor":2},"minecraft:killed":{"minecraft:spider":1,"minecraft:zombie":2,"minecraft:creeper":1},"minecraft:used":{"minecraft:moss_block":30,"dedsafio_by_forzaken:infernal_sword":8,"minecraft:oak_sign":20,"minecraft:coarse_dirt":16,"minecraft:glow_ink_sac":12,"minecraft:obsidian":13}},"DataVersion":3465}