{"stats":{"minecraft:dropped":{"dedsafio_by_forzaken:r_evill_boss_spawn_egg":1,"dedsafio_by_forzaken:infernal_sword":1,"dedsafio_by_forzaken:espada_fantasmal":1,"dedsafio_by_forzaken:armadura_infernal_chestplate":1,"dedsafio_by_forzaken:metal_recocido":4,"minecraft:diamond":168,"minecraft:hopper":1,"dedsafio_by_forzaken:casino":1,"dedsafio_by_forzaken:totem_nutria":1,"dedsafio_by_forzaken:armadura_infernal_boots":1,"minecraft:enchanted_golden_apple":130,"dedsafio_by_forzaken:armadura_infernal_helmet":1,"dedsafio_by_forzaken:totem_revil":1,"dedsafio_by_forzaken:armadura_infernal_leggings":1},"minecraft:custom":{"minecraft:time_since_rest":36516,"minecraft:sprint_one_cm":51103,"minecraft:walk_one_cm":126459,"minecraft:mob_kills":7,"minecraft:drop":28,"minecraft:inspect_hopper":3,"minecraft:damage_dealt":2125,"minecraft:talked_to_villager":43,"minecraft:fly_one_cm":129714,"minecraft:open_chest":6,"minecraft:crouch_one_cm":8036,"minecraft:play_time":91623,"minecraft:deaths":3,"minecraft:sneak_time":4089,"minecraft:jump":260,"minecraft:leave_game":2,"minecraft:time_since_death":36510,"minecraft:total_world_time":91623},"minecraft:used":{"minecraft:redstone_torch":2,"minecraft:moss_block":13,"minecraft:black_concrete":12,"minecraft:grass_block":11,"minecraft:black_carpet":3,"minecraft:netherite_axe":18,"dedsafio_by_forzaken:revil_spawn_egg":2,"minecraft:lectern":1,"minecraft:ender_pearl":8,"minecraft:chest":2,"minecraft:spruce_planks":4,"dedsafio_by_forzaken:tiki_spawn_egg":2,"dedsafio_by_forzaken:creeper_cake_spawn_egg":30,"dedsafio_by_forzaken:r_evill_boss_spawn_egg":6,"minecraft:dirt":58,"minecraft:snow":4,"minecraft:hopper":9,"dedsafio_by_forzaken:rana_gigante_spawn_egg":4,"minecraft:spruce_stairs":4,"dedsafio_by_forzaken:sapo_spawn_egg":3,"minecraft:white_concrete":3,"minecraft:coarse_dirt":9,"dedsafio_by_forzaken:casino":8,"dedsafio_by_forzaken:flashbang_spawn_egg":2},"minecraft:picked_up":{"minecraft:coarse_dirt":2,"dedsafio_by_forzaken:flashbang_spawn_egg":1,"minecraft:lead":2,"dedsafio_by_forzaken:metal_recocido":2,"minecraft:dirt":16,"dedsafio_by_forzaken:sapo_spawn_egg":2,"minecraft:arrow":2,"dedsafio_by_forzaken:casino":1,"minecraft:diamond":136,"minecraft:white_concrete":1,"minecraft:netherite_axe":1,"dedsafio_by_forzaken:revil_spawn_egg":2,"minecraft:moss_block":6,"dedsafio_by_forzaken:rana_gigante_spawn_egg":1,"minecraft:hopper":1},"minecraft:killed":{"dedsafio_by_forzaken:rana_gigante":2,"minecraft:trader_llama":2,"dedsafio_by_forzaken:sapo":1,"dedsafio_by_forzaken:tiki":2}},"DataVersion":3465}