{"stats":{"minecraft:dropped":{"dedsafio_by_forzaken:espada_fantasmal":1,"minecraft:glow_ink_sac":2,"minecraft:oak_sign":2},"minecraft:custom":{"minecraft:time_since_rest":3921,"minecraft:crouch_one_cm":2600,"minecraft:sprint_one_cm":22686,"minecraft:play_time":64597,"minecraft:damage_taken":90,"minecraft:deaths":3,"minecraft:walk_one_cm":60582,"minecraft:sneak_time":827,"minecraft:mob_kills":5,"minecraft:interact_with_anvil":1,"minecraft:drop":4,"minecraft:jump":150,"minecraft:damage_dealt":923,"minecraft:leave_game":2,"minecraft:time_since_death":3875,"minecraft:climb_one_cm":112,"minecraft:total_world_time":64597,"minecraft:fall_one_cm":1196,"minecraft:fly_one_cm":91048},"minecraft:picked_up":{"minecraft:rotten_flesh":2,"minecraft:glow_ink_sac":65,"minecraft:oak_sign":17,"dedsafio_by_forzaken:espada_fantasmal":2,"minecraft:white_concrete":4,"minecraft:spruce_trapdoor":2},"minecraft:killed":{"minecraft:spider":2,"minecraft:zombie":2,"minecraft:creeper":1},"minecraft:used":{"minecraft:moss_block":30,"dedsafio_by_forzaken:infernal_sword":11,"dedsafio_by_forzaken:espada_fantasmal":3,"minecraft:oak_sign":30,"minecraft:coarse_dirt":16,"minecraft:glow_ink_sac":12,"minecraft:obsidian":13}},"DataVersion":3465}