{"stats":{"minecraft:dropped":{"dedsafio_by_forzaken:lana_arcoiris":1,"dedsafio_by_forzaken:totem_revil":1,"dedsafio_by_forzaken:batidora_legendaria":1,"dedsafio_by_forzaken:cetro_ancestral":1},"minecraft:custom":{"minecraft:time_since_rest":36516,"minecraft:sprint_one_cm":54437,"minecraft:walk_one_cm":210937,"minecraft:damage_taken":746,"minecraft:damage_absorbed":804,"minecraft:mob_kills":8,"minecraft:drop":4,"minecraft:inspect_hopper":5,"minecraft:damage_dealt":12606,"minecraft:talked_to_villager":14,"minecraft:fly_one_cm":362565,"minecraft:open_chest":3,"minecraft:crouch_one_cm":12831,"minecraft:play_time":92485,"minecraft:deaths":3,"minecraft:sneak_time":4571,"minecraft:jump":504,"minecraft:leave_game":1,"minecraft:time_since_death":36511,"minecraft:climb_one_cm":15,"minecraft:total_world_time":92485,"minecraft:damage_resisted":357,"minecraft:fall_one_cm":909},"minecraft:used":{"minecraft:oak_log":1,"minecraft:moss_block":60,"minecraft:black_concrete":274,"dedsafio_by_forzaken:armadura_infernal_helmet":2,"minecraft:villager_spawn_egg":1,"dedsafio_by_forzaken:armadura_infernal_leggings":2,"minecraft:cyan_concrete":4,"minecraft:chest":3,"dedsafio_by_forzaken:tiki_spawn_egg":2,"minecraft:ender_chest":1,"minecraft:mud_bricks":2,"dedsafio_by_forzaken:armadura_infernal_boots":2,"dedsafio_by_forzaken:creeper_cake_spawn_egg":1,"dedsafio_by_forzaken:armadura_infernal_chestplate":2,"dedsafio_by_forzaken:r_evill_boss_spawn_egg":2,"minecraft:glowstone":31,"dedsafio_by_forzaken:infernal_sword":156,"dedsafio_by_forzaken:stone_plyaer":1,"minecraft:coarse_dirt":1,"immersive_paintings:glow_painting":1,"minecraft:white_concrete":176,"dedsafio_by_forzaken:taxi":1,"dedsafio_by_forzaken:casino":17,"minecraft:enchanted_golden_apple":6},"minecraft:picked_up":{"minecraft:coarse_dirt":1,"dedsafio_by_forzaken:lana_arcoiris":1,"minecraft:oak_fence":1,"dedsafio_by_forzaken:totem_nutria":1,"dedsafio_by_forzaken:metal_recocido":2,"dedsafio_by_forzaken:totem_revil":2,"dedsafio_by_forzaken:armadura_infernal_leggings":1,"dedsafio_by_forzaken:cetro_ancestral":2,"minecraft:dirt":14,"dedsafio_by_forzaken:armadura_infernal_chestplate":1,"minecraft:moss_carpet":2,"dedsafio_by_forzaken:infernal_sword":1,"dedsafio_by_forzaken:taxi":1,"dedsafio_by_forzaken:casino":1,"dedsafio_by_forzaken:espada_fantasmal":1,"minecraft:diamond":32,"dedsafio_by_forzaken:batidora_legendaria":1,"dedsafio_by_forzaken:r_evill_boss_spawn_egg":1,"minecraft:white_concrete":2,"dedsafio_by_forzaken:armadura_infernal_boots":1,"dedsafio_by_forzaken:armadura_infernal_helmet":1,"minecraft:enchanted_golden_apple":130,"minecraft:moss_block":3,"minecraft:cyan_concrete":1},"minecraft:killed":{"dedsafio_by_forzaken:rana_gigante":1,"dedsafio_by_forzaken:creeper_cake":1,"dedsafio_by_forzaken:tiki":2,"dedsafio_by_forzaken:taxi_23":1,"dedsafio_by_forzaken:revil":1,"minecraft:villager":1,"dedsafio_by_forzaken:r_evill_boss":1}},"DataVersion":3465}