{"stats":{"minecraft:dropped":{"minecraft:glow_ink_sac":64,"minecraft:oak_sign":32},"minecraft:custom":{"minecraft:jump":365,"minecraft:time_since_rest":27625,"minecraft:crouch_one_cm":979,"minecraft:damage_dealt":20,"minecraft:leave_game":1,"minecraft:sprint_one_cm":28982,"minecraft:play_time":27625,"minecraft:time_since_death":27625,"minecraft:walk_one_cm":49270,"minecraft:climb_one_cm":146,"minecraft:sneak_time":344,"minecraft:total_world_time":27625,"minecraft:drop":3,"minecraft:fall_one_cm":418,"minecraft:fly_one_cm":134761},"minecraft:picked_up":{"minecraft:oak_sign":16},"minecraft:used":{"minecraft:moss_block":2,"minecraft:oak_sign":9,"minecraft:coarse_dirt":4,"minecraft:glow_ink_sac":6}},"DataVersion":3465}