{"stats":{"minecraft:dropped":{"minecraft:glow_ink_sac":64,"minecraft:oak_sign":32},"minecraft:custom":{"minecraft:time_since_rest":16071,"minecraft:crouch_one_cm":1468,"minecraft:sprint_one_cm":37788,"minecraft:play_time":51063,"minecraft:deaths":2,"minecraft:walk_one_cm":64077,"minecraft:sneak_time":507,"minecraft:mob_kills":3,"minecraft:drop":3,"minecraft:jump":444,"minecraft:damage_dealt":530,"minecraft:leave_game":2,"minecraft:time_since_death":16044,"minecraft:climb_one_cm":146,"minecraft:total_world_time":51063,"minecraft:fly_one_cm":161702,"minecraft:fall_one_cm":418},"minecraft:picked_up":{"minecraft:coarse_dirt":2,"dedsafio_by_forzaken:taxi":1,"minecraft:oak_sign":32,"dedsafio_by_forzaken:espada_fantasmal":1,"minecraft:lead":2,"minecraft:moss_block":3,"minecraft:dirt":14},"minecraft:killed":{"minecraft:trader_llama":2,"dedsafio_by_forzaken:taxi_23":1},"minecraft:used":{"minecraft:moss_block":10,"dedsafio_by_forzaken:infernal_sword":7,"minecraft:grass_block":33,"minecraft:oak_sign":9,"minecraft:coarse_dirt":4,"dedsafio_by_forzaken:casino":1,"minecraft:glow_ink_sac":6}},"DataVersion":3465}