{"stats":{"minecraft:dropped":{"minecraft:glow_ink_sac":64,"minecraft:oak_sign":32},"minecraft:custom":{"minecraft:time_since_rest":19351,"minecraft:crouch_one_cm":1981,"minecraft:sprint_one_cm":43706,"minecraft:play_time":54343,"minecraft:deaths":2,"minecraft:walk_one_cm":72532,"minecraft:sneak_time":649,"minecraft:mob_kills":8,"minecraft:drop":3,"minecraft:jump":488,"minecraft:damage_dealt":1490,"minecraft:leave_game":2,"minecraft:time_since_death":19324,"minecraft:climb_one_cm":146,"minecraft:total_world_time":54343,"minecraft:fall_one_cm":418,"minecraft:fly_one_cm":173070},"minecraft:picked_up":{"minecraft:coarse_dirt":2,"dedsafio_by_forzaken:taxi":1,"minecraft:rotten_flesh":2,"minecraft:oak_sign":32,"dedsafio_by_forzaken:espada_fantasmal":1,"minecraft:lead":2,"minecraft:gunpowder":1,"minecraft:moss_block":3,"minecraft:string":1,"minecraft:dirt":14},"minecraft:killed":{"minecraft:spider":1,"minecraft:trader_llama":2,"dedsafio_by_forzaken:taxi_23":1,"minecraft:zombie":3,"minecraft:creeper":1},"minecraft:used":{"minecraft:moss_block":10,"minecraft:dirt":15,"dedsafio_by_forzaken:infernal_sword":18,"minecraft:grass_block":33,"minecraft:oak_sign":9,"minecraft:coarse_dirt":4,"dedsafio_by_forzaken:casino":1,"minecraft:glow_ink_sac":6}},"DataVersion":3465}