{"stats":{"minecraft:dropped":{"dedsafio_by_forzaken:lana_arcoiris":1,"dedsafio_by_forzaken:totem_revil":1,"dedsafio_by_forzaken:batidora_legendaria":1,"dedsafio_by_forzaken:cetro_ancestral":1},"minecraft:custom":{"minecraft:time_since_rest":13660,"minecraft:sprint_one_cm":33628,"minecraft:walk_one_cm":97829,"minecraft:damage_taken":746,"minecraft:damage_absorbed":804,"minecraft:mob_kills":7,"minecraft:drop":4,"minecraft:damage_dealt":11933,"minecraft:talked_to_villager":14,"minecraft:fly_one_cm":174922,"minecraft:crouch_one_cm":3219,"minecraft:play_time":26485,"minecraft:deaths":1,"minecraft:sneak_time":1001,"minecraft:jump":316,"minecraft:leave_game":1,"minecraft:time_since_death":13622,"minecraft:total_world_time":26485,"minecraft:damage_resisted":357,"minecraft:fall_one_cm":909},"minecraft:used":{"minecraft:oak_log":1,"minecraft:moss_block":60,"minecraft:black_concrete":90,"dedsafio_by_forzaken:armadura_infernal_helmet":1,"minecraft:villager_spawn_egg":1,"dedsafio_by_forzaken:armadura_infernal_leggings":1,"dedsafio_by_forzaken:tiki_spawn_egg":2,"dedsafio_by_forzaken:armadura_infernal_boots":1,"dedsafio_by_forzaken:creeper_cake_spawn_egg":1,"dedsafio_by_forzaken:armadura_infernal_chestplate":1,"dedsafio_by_forzaken:r_evill_boss_spawn_egg":2,"dedsafio_by_forzaken:infernal_sword":147,"dedsafio_by_forzaken:stone_plyaer":1,"dedsafio_by_forzaken:taxi":1,"dedsafio_by_forzaken:casino":1,"minecraft:enchanted_golden_apple":6},"minecraft:picked_up":{"minecraft:coarse_dirt":1,"dedsafio_by_forzaken:lana_arcoiris":1,"minecraft:oak_fence":1,"dedsafio_by_forzaken:totem_nutria":1,"dedsafio_by_forzaken:metal_recocido":2,"dedsafio_by_forzaken:totem_revil":2,"dedsafio_by_forzaken:armadura_infernal_leggings":1,"dedsafio_by_forzaken:cetro_ancestral":2,"minecraft:dirt":14,"dedsafio_by_forzaken:armadura_infernal_chestplate":1,"dedsafio_by_forzaken:infernal_sword":1,"dedsafio_by_forzaken:taxi":1,"dedsafio_by_forzaken:espada_fantasmal":1,"dedsafio_by_forzaken:batidora_legendaria":1,"dedsafio_by_forzaken:r_evill_boss_spawn_egg":1,"dedsafio_by_forzaken:armadura_infernal_boots":1,"dedsafio_by_forzaken:armadura_infernal_helmet":1,"minecraft:enchanted_golden_apple":130,"minecraft:moss_block":3},"minecraft:killed":{"dedsafio_by_forzaken:creeper_cake":1,"dedsafio_by_forzaken:tiki":2,"dedsafio_by_forzaken:taxi_23":1,"dedsafio_by_forzaken:revil":1,"minecraft:villager":1,"dedsafio_by_forzaken:r_evill_boss":1}},"DataVersion":3465}