{"stats":{"minecraft:dropped":{"minecraft:glow_ink_sac":64,"minecraft:oak_sign":32},"minecraft:custom":{"minecraft:time_since_rest":2533,"minecraft:crouch_one_cm":979,"minecraft:sprint_one_cm":29634,"minecraft:play_time":37525,"minecraft:deaths":2,"minecraft:walk_one_cm":50948,"minecraft:sneak_time":371,"minecraft:mob_kills":1,"minecraft:drop":3,"minecraft:jump":376,"minecraft:damage_dealt":30,"minecraft:leave_game":1,"minecraft:time_since_death":2506,"minecraft:climb_one_cm":146,"minecraft:total_world_time":37525,"minecraft:fly_one_cm":143103,"minecraft:fall_one_cm":418},"minecraft:picked_up":{"dedsafio_by_forzaken:taxi":1,"minecraft:oak_sign":16},"minecraft:killed":{"dedsafio_by_forzaken:taxi_23":1},"minecraft:used":{"minecraft:moss_block":2,"dedsafio_by_forzaken:infernal_sword":1,"minecraft:oak_sign":9,"minecraft:coarse_dirt":4,"minecraft:glow_ink_sac":6}},"DataVersion":3465}