{"stats":{"minecraft:dropped":{"minecraft:glow_ink_sac":64,"minecraft:oak_sign":32},"minecraft:custom":{"minecraft:jump":250,"minecraft:time_since_rest":16572,"minecraft:crouch_one_cm":515,"minecraft:damage_dealt":20,"minecraft:sprint_one_cm":24354,"minecraft:play_time":16572,"minecraft:time_since_death":16572,"minecraft:walk_one_cm":35515,"minecraft:sneak_time":142,"minecraft:total_world_time":16572,"minecraft:drop":3,"minecraft:fall_one_cm":418,"minecraft:fly_one_cm":115091},"minecraft:picked_up":{"minecraft:oak_sign":16},"minecraft:used":{"minecraft:moss_block":1,"minecraft:oak_sign":5,"minecraft:coarse_dirt":4,"minecraft:glow_ink_sac":3}},"DataVersion":3465}