{"stats":{"minecraft:dropped":{"dedsafio_by_forzaken:lana_arcoiris":1,"dedsafio_by_forzaken:totem_revil":1,"dedsafio_by_forzaken:batidora_legendaria":1,"dedsafio_by_forzaken:cetro_ancestral":1},"minecraft:custom":{"minecraft:time_since_rest":7049,"minecraft:damage_absorbed":804,"minecraft:sprint_one_cm":68228,"minecraft:damage_taken":746,"minecraft:walk_one_cm":254911,"minecraft:mob_kills":8,"minecraft:drop":4,"minecraft:inspect_hopper":5,"minecraft:damage_dealt":12606,"minecraft:talked_to_villager":14,"minecraft:fly_one_cm":377141,"minecraft:open_chest":3,"minecraft:crouch_one_cm":13316,"minecraft:play_time":111498,"minecraft:deaths":5,"minecraft:sneak_time":4764,"minecraft:jump":562,"minecraft:leave_game":2,"minecraft:time_since_death":7044,"minecraft:total_world_time":111498,"minecraft:climb_one_cm":15,"minecraft:damage_resisted":357,"minecraft:fall_one_cm":909},"minecraft:picked_up":{"minecraft:coarse_dirt":1,"dedsafio_by_forzaken:lana_arcoiris":1,"minecraft:oak_fence":1,"dedsafio_by_forzaken:totem_nutria":1,"dedsafio_by_forzaken:metal_recocido":2,"dedsafio_by_forzaken:totem_revil":2,"dedsafio_by_forzaken:armadura_infernal_leggings":1,"dedsafio_by_forzaken:cetro_ancestral":2,"minecraft:dirt":14,"dedsafio_by_forzaken:armadura_infernal_chestplate":1,"minecraft:moss_carpet":2,"dedsafio_by_forzaken:infernal_sword":1,"dedsafio_by_forzaken:taxi":1,"dedsafio_by_forzaken:casino":1,"dedsafio_by_forzaken:espada_fantasmal":1,"minecraft:diamond":32,"dedsafio_by_forzaken:r_evill_boss_spawn_egg":1,"dedsafio_by_forzaken:batidora_legendaria":1,"dedsafio_by_forzaken:armadura_infernal_boots":1,"minecraft:white_concrete":2,"dedsafio_by_forzaken:armadura_infernal_helmet":1,"minecraft:enchanted_golden_apple":130,"minecraft:moss_block":3,"minecraft:cyan_concrete":1,"dedsafio_by_forzaken:creeper_cake_spawn_egg":1},"minecraft:killed":{"dedsafio_by_forzaken:rana_gigante":1,"dedsafio_by_forzaken:creeper_cake":1,"dedsafio_by_forzaken:tiki":2,"dedsafio_by_forzaken:taxi_23":1,"dedsafio_by_forzaken:revil":1,"minecraft:villager":1,"dedsafio_by_forzaken:r_evill_boss":1},"minecraft:used":{"minecraft:oak_log":1,"minecraft:moss_block":60,"minecraft:black_concrete":274,"minecraft:diamond_boots":1,"dedsafio_by_forzaken:armadura_infernal_helmet":2,"minecraft:villager_spawn_egg":1,"dedsafio_by_forzaken:armadura_infernal_leggings":2,"dedsafio_by_forzaken:batidora_legendaria":1,"minecraft:chest":3,"minecraft:cyan_concrete":4,"dedsafio_by_forzaken:tiki_spawn_egg":2,"minecraft:ender_chest":1,"minecraft:mud_bricks":2,"dedsafio_by_forzaken:armadura_infernal_boots":2,"minecraft:diamond_chestplate":1,"dedsafio_by_forzaken:creeper_cake_spawn_egg":1,"dedsafio_by_forzaken:armadura_infernal_chestplate":2,"dedsafio_by_forzaken:r_evill_boss_spawn_egg":2,"minecraft:glowstone":31,"dedsafio_by_forzaken:infernal_sword":156,"minecraft:diamond_helmet":1,"dedsafio_by_forzaken:stone_plyaer":10,"minecraft:white_concrete":176,"minecraft:coarse_dirt":2,"immersive_paintings:glow_painting":1,"dedsafio_by_forzaken:taxi":1,"dedsafio_by_forzaken:casino":17,"minecraft:enchanted_golden_apple":6,"minecraft:diamond_leggings":1}},"DataVersion":3465}