{"stats":{"minecraft:custom":{"minecraft:time_since_rest":9368,"minecraft:damage_absorbed":526,"minecraft:crouch_one_cm":753,"minecraft:play_time":9368,"minecraft:sprint_one_cm":15194,"minecraft:walk_one_cm":48266,"minecraft:damage_taken":624,"minecraft:sneak_time":309,"minecraft:mob_kills":1,"minecraft:drop":4,"minecraft:jump":185,"minecraft:damage_dealt":8886,"minecraft:time_since_death":9368,"minecraft:damage_resisted":259,"minecraft:total_world_time":9368,"minecraft:talked_to_villager":1,"minecraft:fall_one_cm":909,"minecraft:fly_one_cm":107622},"minecraft:picked_up":{"dedsafio_by_forzaken:infernal_sword":1,"dedsafio_by_forzaken:lana_arcoiris":1,"dedsafio_by_forzaken:espada_fantasmal":1,"dedsafio_by_forzaken:armadura_infernal_leggings":1,"dedsafio_by_forzaken:totem_nutria":1,"dedsafio_by_forzaken:metal_recocido":2,"dedsafio_by_forzaken:totem_revil":2,"dedsafio_by_forzaken:cetro_ancestral":1,"dedsafio_by_forzaken:r_evill_boss_spawn_egg":1,"dedsafio_by_forzaken:batidora_legendaria":1,"dedsafio_by_forzaken:armadura_infernal_boots":1,"dedsafio_by_forzaken:armadura_infernal_helmet":1,"minecraft:enchanted_golden_apple":130,"dedsafio_by_forzaken:armadura_infernal_chestplate":1},"minecraft:dropped":{"dedsafio_by_forzaken:lana_arcoiris":1,"dedsafio_by_forzaken:totem_revil":1,"dedsafio_by_forzaken:batidora_legendaria":1,"dedsafio_by_forzaken:cetro_ancestral":1},"minecraft:killed":{"dedsafio_by_forzaken:creeper_cake":1},"minecraft:used":{"dedsafio_by_forzaken:armadura_infernal_chestplate":1,"dedsafio_by_forzaken:creeper_cake_spawn_egg":1,"dedsafio_by_forzaken:r_evill_boss_spawn_egg":2,"dedsafio_by_forzaken:armadura_infernal_helmet":1,"dedsafio_by_forzaken:armadura_infernal_leggings":1,"dedsafio_by_forzaken:infernal_sword":96,"dedsafio_by_forzaken:casino":1,"minecraft:enchanted_golden_apple":4,"dedsafio_by_forzaken:armadura_infernal_boots":1}},"DataVersion":3465}