{"stats":{"minecraft:dropped":{"dedsafio_by_forzaken:batidora_legendaria":1,"dedsafio_by_forzaken:cetro_ancestral":1,"minecraft:milk_bucket":2,"dedsafio_by_forzaken:lana_arcoiris":1,"dedsafio_by_forzaken:totem_revil":1},"minecraft:custom":{"minecraft:interact_with_anvil":6,"minecraft:mob_kills":14,"minecraft:inspect_hopper":5,"minecraft:interact_with_crafting_table":4,"minecraft:leave_game":3,"minecraft:time_since_death":9285,"minecraft:damage_resisted":357,"minecraft:climb_one_cm":15,"minecraft:time_since_rest":9292,"minecraft:walk_one_cm":293819,"minecraft:sprint_one_cm":81660,"minecraft:open_enderchest":5,"minecraft:damage_taken":1516,"minecraft:damage_absorbed":804,"minecraft:drop":6,"minecraft:damage_dealt":14716,"minecraft:talked_to_villager":14,"minecraft:fly_one_cm":497303,"minecraft:open_chest":3,"minecraft:crouch_one_cm":15342,"minecraft:play_time":133253,"minecraft:deaths":7,"minecraft:sneak_time":5555,"minecraft:walk_under_water_one_cm":171,"minecraft:jump":693,"minecraft:walk_on_water_one_cm":1751,"minecraft:total_world_time":133253,"minecraft:fall_one_cm":9791},"minecraft:picked_up":{"minecraft:coarse_dirt":1,"dedsafio_by_forzaken:lana_arcoiris":1,"minecraft:water_bucket":2,"dedsafio_by_forzaken:metal_recocido":2,"dedsafio_by_forzaken:totem_nutria":1,"dedsafio_by_forzaken:armadura_infernal_leggings":1,"dedsafio_by_forzaken:totem_revil":2,"minecraft:gunpowder":1,"minecraft:dirt":14,"minecraft:moss_carpet":2,"dedsafio_by_forzaken:infernal_sword":1,"minecraft:netherite_ingot":1,"minecraft:item_frame":9,"dedsafio_by_forzaken:taxi":1,"dedsafio_by_forzaken:casino":1,"dedsafio_by_forzaken:cuchara":1,"dedsafio_by_forzaken:armadura_infernal_helmet":1,"minecraft:enchanted_golden_apple":130,"minecraft:moss_block":3,"minecraft:cyan_concrete":1,"dedsafio_by_forzaken:creeper_cake_spawn_egg":1,"dedsafio_by_forzaken:manzana":3,"minecraft:milk_bucket":1,"dedsafio_by_forzaken:alma_golem":1,"minecraft:oak_fence":1,"dedsafio_by_forzaken:cetro_ancestral":2,"minecraft:trident":1,"dedsafio_by_forzaken:armadura_infernal_chestplate":1,"minecraft:netherite_block":1,"dedsafio_by_forzaken:espada_fantasmal":1,"minecraft:diamond":32,"dedsafio_by_forzaken:batidora_legendaria":1,"dedsafio_by_forzaken:r_evill_boss_spawn_egg":1,"dedsafio_by_forzaken:armadura_infernal_boots":1,"minecraft:white_concrete":2,"minecraft:gold_ingot":1},"minecraft:killed":{"dedsafio_by_forzaken:creeper_cake":1,"dedsafio_by_forzaken:tiki":2,"minecraft:iron_golem":1,"dedsafio_by_forzaken:esquelo_dog":1,"dedsafio_by_forzaken:taxi_23":1,"dedsafio_by_forzaken:creeper_warden":1,"minecraft:creeper":1,"dedsafio_by_forzaken:r_evill_boss":1,"dedsafio_by_forzaken:rana_gigante":1,"dedsafio_by_forzaken:gorgona":1,"dedsafio_by_forzaken:bone_spider":1,"dedsafio_by_forzaken:revil":1,"minecraft:villager":1},"minecraft:used":{"minecraft:moss_block":60,"minecraft:water_bucket":5,"minecraft:netherite_sword":2,"minecraft:diamond_boots":1,"dedsafio_by_forzaken:armadura_infernal_helmet":3,"dedsafio_by_forzaken:batidora_legendaria":1,"minecraft:iron_golem_spawn_egg":1,"minecraft:chest":3,"minecraft:ender_chest":2,"dedsafio_by_forzaken:armadura_infernal_boots":2,"dedsafio_by_forzaken:creeper_cake_spawn_egg":1,"minecraft:anvil":1,"minecraft:crafting_table":1,"minecraft:jungle_slab":8,"immersive_paintings:glow_painting":1,"minecraft:diamond_helmet":1,"minecraft:creeper_spawn_egg":1,"minecraft:oak_log":1,"minecraft:black_concrete":274,"minecraft:villager_spawn_egg":1,"dedsafio_by_forzaken:armadura_infernal_leggings":2,"minecraft:grass_block":1,"minecraft:cyan_concrete":4,"dedsafio_by_forzaken:tiki_spawn_egg":2,"minecraft:mud_bricks":2,"minecraft:diamond_chestplate":1,"dedsafio_by_forzaken:armadura_infernal_chestplate":2,"dedsafio_by_forzaken:r_evill_boss_spawn_egg":2,"minecraft:glowstone":31,"dedsafio_by_forzaken:infernal_sword":178,"minecraft:mangrove_roots":1,"dedsafio_by_forzaken:stone_plyaer":10,"minecraft:bucket":3,"minecraft:white_concrete":176,"dedsafio_by_forzaken:taxi":1,"minecraft:coarse_dirt":2,"dedsafio_by_forzaken:casino":17,"minecraft:enchanted_golden_apple":6,"minecraft:diamond_leggings":1}},"DataVersion":3465}